"name","male_offspring","female_offspring","sport","checked"
"Lance Armstrong",NA,NA,"tour_de_france",FALSE
"Jan Ullrich",NA,NA,"tour_de_france",FALSE
"Joseba Beloki ",NA,NA,"tour_de_france",FALSE
"Christophe Moreau",NA,NA,"tour_de_france",FALSE
"Roberto Heras",NA,NA,"tour_de_france",FALSE
"Richard Virenque",NA,NA,"tour_de_france",FALSE
"Santiago Botero",NA,NA,"tour_de_france",FALSE
"Fernanado Escartin",NA,NA,"tour_de_france",FALSE
"Francisco Mancebo",NA,NA,"tour_de_france",FALSE
"Daniele Nardello",NA,NA,"tour_de_france",FALSE
"Manuel Beltran",NA,NA,"tour_de_france",FALSE
"Pascal Herve",NA,NA,"tour_de_france",FALSE
"Javier Otxoa",NA,NA,"tour_de_france",FALSE
"Felix Manuel Garcia",NA,NA,"tour_de_france",FALSE
"Alexander Vinokourov",NA,NA,"tour_de_france",FALSE
"Roberto Conti",NA,NA,"tour_de_france",FALSE
"Kurt Van De Wouwer",NA,NA,"tour_de_france",FALSE
"Guido Trentin",NA,NA,"tour_de_france",FALSE
"Jean Cyril Robin",NA,NA,"tour_de_france",FALSE
"Geert Verheyen",NA,NA,"tour_de_france",FALSE
"Peter Luttenberger",NA,NA,"tour_de_france",FALSE
"Andrei Kivilev",NA,NA,"tour_de_france",FALSE
"Igor Gonzalez",NA,NA,"tour_de_france",FALSE
"Francois Simon",NA,NA,"tour_de_france",FALSE
"Oscar Sevilla",NA,NA,"tour_de_france",FALSE
"Marcos Antonio Seraano",NA,NA,"tour_de_france",FALSE
"Michael Boogerd",NA,NA,"tour_de_france",FALSE
"Didier Rous",NA,NA,"tour_de_france",FALSE
"Inigo Chaurreau",NA,NA,"tour_de_france",FALSE
"Stefano Garzelli",NA,NA,"tour_de_france",FALSE
"Alexander Bocharov",NA,NA,"tour_de_france",FALSE
"Bobby Julich",NA,NA,"tour_de_france",FALSE
"Laurent Jalabert",NA,NA,"tour_de_france",FALSE
"Carlos Sastre",NA,NA,"tour_de_france",FALSE
"Tomasz Brozyna",NA,NA,"tour_de_france",FALSE
"Raimondas Rumsas",NA,NA,"tour_de_france",FALSE
"Jose Azevedo",NA,NA,"tour_de_france",FALSE
"Levi Leipheimer",NA,NA,"tour_de_france",FALSE
"Ivan Basso",NA,NA,"tour_de_france",FALSE
"David Monoutie",NA,NA,"tour_de_france",FALSE
"Massimiliano Lelli",NA,NA,"tour_de_france",FALSE
"Tyler Hamilton",NA,NA,"tour_de_france",FALSE
"Stephane Goubert",NA,NA,"tour_de_france",FALSE
"Unia Osa",NA,NA,"tour_de_france",FALSE
"Nicolas Vogondy",NA,NA,"tour_de_france",FALSE
"Nicki Sorensen",NA,NA,"tour_de_france",FALSE
"Spain",NA,NA,"tour_de_france",FALSE
"Iban Mayo",NA,NA,"tour_de_france",FALSE
"Denis Menchov",NA,NA,"tour_de_france",FALSE
"Georg Totschnig",NA,NA,"tour_de_france",FALSE
"Jorg Jaksche",NA,NA,"tour_de_france",FALSE
"Roberto Laiseka",NA,NA,"tour_de_france",FALSE
"Jose Luis Rubiera",NA,NA,"tour_de_france",FALSE
"Laurent Dufaux",NA,NA,"tour_de_france",FALSE
"Andreas Kloden",NA,NA,"tour_de_france",FALSE
"Oscar Pereiro",NA,NA,"tour_de_france",FALSE
"Pietro Caucchioli",NA,NA,"tour_de_france",FALSE
"Vladimir Karpets",NA,NA,"tour_de_france",FALSE
"Michael Rasmussen",NA,NA,"tour_de_france",FALSE
"Sandy Casar",NA,NA,"tour_de_france",FALSE
"Gilberto Simoi",NA,NA,"tour_de_france",FALSE
"Thomas Voeckler",NA,NA,"tour_de_france",FALSE
"Axel Merckx",NA,NA,"tour_de_france",FALSE
"Cadel Evans",NA,NA,"tour_de_france",FALSE
"Floyd Landis",NA,NA,"tour_de_france",FALSE
"Yaroslav Popovych",NA,NA,"tour_de_france",FALSE
"Eddy Mazzoleni",NA,NA,"tour_de_france",FALSE
"George Hincapie",NA,NA,"tour_de_france",FALSE
"Haimar Zubeldia",NA,NA,"tour_de_france",FALSE
"Andrey Kashechkin",NA,NA,"tour_de_france",FALSE
"Giuseppe Guerini",NA,NA,"tour_de_france",FALSE
"Cyril Dessel",NA,NA,"tour_de_france",FALSE
"Michael Rogers",NA,NA,"tour_de_france",FALSE
"Frank Schleck",NA,NA,"tour_de_france",FALSE
"Damiano Cunego",NA,NA,"tour_de_france",FALSE
"Markus Fothen",NA,NA,"tour_de_france",FALSE
"Tadej Valjavec",NA,NA,"tour_de_france",FALSE
"Marzio Bruseghin",NA,NA,"tour_de_france",FALSE
"David Arroyo",NA,NA,"tour_de_france",FALSE
"Alberto Contado",NA,NA,"tour_de_france",FALSE
"Alejandro Valverde",NA,NA,"tour_de_france",FALSE
"Kim Kirchen",NA,NA,"tour_de_france",FALSE
"Mikel Astarloza",NA,NA,"tour_de_france",FALSE
"Juan Mauricio Soler",NA,NA,"tour_de_france",FALSE
"Chris Horner",NA,NA,"tour_de_france",FALSE
"Jose Juan Cobo",NA,NA,"tour_de_france",FALSE
"Juan Manuel Garate",NA,NA,"tour_de_france",FALSE
"Christian Vande Velde",NA,NA,"tour_de_france",FALSE
"Samuel Sanchez",NA,NA,"tour_de_france",FALSE
"Valdimir Efimkin",NA,NA,"tour_de_france",FALSE
"Andy Schleck",NA,NA,"tour_de_france",FALSE
"Roman Kreuziger",NA,NA,"tour_de_france",FALSE
"Amael Moinard",NA,NA,"tour_de_france",FALSE
"Kanstantsin Sivtsov",NA,NA,"tour_de_france",FALSE
"Vincenzo Nibali",NA,NA,"tour_de_france",FALSE
"Laurens Ten Dam",NA,NA,"tour_de_france",FALSE
"Bradley Wiggins",NA,NA,"tour_de_france",FALSE
"Christophe Le Mevel",NA,NA,"tour_de_france",FALSE
"Rinaldo Nocentini",NA,NA,"tour_de_france",FALSE
"Sylvain Chavanel",NA,NA,"tour_de_france",FALSE
"Christian Knees",NA,NA,"tour_de_france",FALSE
"Pierre Rolland",NA,NA,"tour_de_france",FALSE
"Jurgen Van den Broeck",NA,NA,"tour_de_france",FALSE
"Robert Gesink",NA,NA,"tour_de_france",FALSE
"Ryder Hesjedal",NA,NA,"tour_de_france",FALSE
"Joaquim Rodriguez",NA,NA,"tour_de_france",FALSE
"Luis Leon Sanchez",NA,NA,"tour_de_france",FALSE
"Ruben Plaza",NA,NA,"tour_de_france",FALSE
"Nicolas Roche",NA,NA,"tour_de_france",FALSE
"Thomas Lovkvist",NA,NA,"tour_de_france",FALSE
"Keven De Weert",NA,NA,"tour_de_france",FALSE
"John Gadret",NA,NA,"tour_de_france",FALSE
"Daniel Moreno",NA,NA,"tour_de_france",FALSE
"Tom Danielson",NA,NA,"tour_de_france",FALSE
"Jean Christophe Peraud",NA,NA,"tour_de_france",FALSE
"Rein Taaramae",NA,NA,"tour_de_france",FALSE
"Jerome Coppel",NA,NA,"tour_de_france",FALSE
"Arnold Jeannesson",NA,NA,"tour_de_france",FALSE
"Peter Velits",NA,NA,"tour_de_france",FALSE
"Jelle Vanendert",NA,NA,"tour_de_france",FALSE
"Rob Ruijgh",NA,NA,"tour_de_france",FALSE
"Chris Froome",NA,NA,"tour_de_france",FALSE
"Tejay van Garderen",NA,NA,"tour_de_france",FALSE
"Janez Brajkovic",NA,NA,"tour_de_france",FALSE
"Thibaut Pinot",NA,NA,"tour_de_france",FALSE
"Chris Anker Sorensen",NA,NA,"tour_de_france",FALSE
"Maxime Monfort",NA,NA,"tour_de_france",FALSE
"Egoi Martinez",NA,NA,"tour_de_france",FALSE
"Rui Costa",NA,NA,"tour_de_france",FALSE
"Eduard Vorganov",NA,NA,"tour_de_france",FALSE
"Stephen Kiprotich",NA,NA,"maration",FALSE
"Abel Kirui",NA,NA,"maration",FALSE
"Wilson Kipsang Kiprotich",NA,NA,"maration",FALSE
"Mebrahtom Keflezighi",NA,NA,"maration",FALSE
"Marilson Dos Santos",NA,NA,"maration",FALSE
"Kentaro Nakamoto",NA,NA,"maration",FALSE
"Cuthbert Nyasango",NA,NA,"maration",FALSE
"Paulo Roberto Paula",NA,NA,"maration",FALSE
"Henryk Szost",NA,NA,"maration",FALSE
"Ruggero Pertile",NA,NA,"maration",FALSE
"Viktor Röthlin",NA,NA,"maration",FALSE
"Oleksandr Sitkovskyy",NA,NA,"maration",FALSE
"Franck De Almeida",NA,NA,"maration",FALSE
"Aleksey Reunkov",NA,NA,"maration",FALSE
"Wirimai Juwawo",NA,NA,"maration",FALSE
"Michael Shelley",NA,NA,"maration",FALSE
"Emmanuel Kipchirchir Mutai",NA,NA,"maration",FALSE
"Rachid Kisri",NA,NA,"maration",FALSE
"Yared Asmerom",NA,NA,"maration",FALSE
"Dylan Wykes",NA,NA,"maration",FALSE
"Raúl Pacheco",NA,NA,"maration",FALSE
"Eric Gillis",NA,NA,"maration",FALSE
"Dmitriy Safronov",NA,NA,"maration",FALSE
"Carles Castillejo",NA,NA,"maration",FALSE
"Iaroslav Musinschi",NA,NA,"maration",FALSE
"Marius Ionescu",NA,NA,"maration",FALSE
"Reid Coolsaet",NA,NA,"maration",FALSE
"Martin Dent",NA,NA,"maration",FALSE
"Vitaliy Shafar",NA,NA,"maration",FALSE
"Lee Merrien",NA,NA,"maration",FALSE
"Ignacio Cáceres",NA,NA,"maration",FALSE
"Lee Duhaeng",NA,NA,"maration",FALSE
"Faustine Mussa",NA,NA,"maration",FALSE
"José Carlos Hernández",NA,NA,"maration",FALSE
"Miguel Barzola",NA,NA,"maration",FALSE
"Urige Buta",NA,NA,"maration",FALSE
"Grigoriy Andreev",NA,NA,"maration",FALSE
"José Amado García",NA,NA,"maration",FALSE
"Daniel Vargas",NA,NA,"maration",FALSE
"Ryo Yamamoto",NA,NA,"maration",FALSE
"Jesper Faurschou",NA,NA,"maration",FALSE
"Kári Steinn Karlsson",NA,NA,"maration",FALSE
"Lusapho April",NA,NA,"maration",FALSE
"Mike Tebulo",NA,NA,"maration",FALSE
"Arata Fujiwara",NA,NA,"maration",FALSE
"Primoz Kobe",NA,NA,"maration",FALSE
"Guor Marial",NA,NA,"maration",FALSE
"Luis Feiteira",NA,NA,"maration",FALSE
"Stephen Mokoka",NA,NA,"maration",FALSE
"Miguel Ángel Almachi",NA,NA,"maration",FALSE
"Ser-Od Bat-Ochir",NA,NA,"maration",FALSE
"Pak Song-Chol",NA,NA,"maration",FALSE
"Kim Kwang-Hyok",NA,NA,"maration",FALSE
"Dong Guojian",NA,NA,"maration",FALSE
"Anuradha Cooray",NA,NA,"maration",FALSE
"Methkal Abu Drais",NA,NA,"maration",FALSE
"Mark Kenneally",NA,NA,"maration",FALSE
"Yonas Kifle",NA,NA,"maration",FALSE
"Ivan Babaryka",NA,NA,"maration",FALSE
"Carlos Cordero",NA,NA,"maration",FALSE
"Scott Overall",NA,NA,"maration",FALSE
"Pedro Mora",NA,NA,"maration",FALSE
"Jeff Hunt",NA,NA,"maration",FALSE
"Stsiapan Rahautsou",NA,NA,"maration",FALSE
"César Lizano",NA,NA,"maration",FALSE
"Samson Ramadhani",NA,NA,"maration",FALSE
"Jan Kreisinger",NA,NA,"maration",FALSE
"Mohammed Abduh Bakhet",NA,NA,"maration",FALSE
"Jussi Utriainen",NA,NA,"maration",FALSE
"Arturo Malaquias",NA,NA,"maration",FALSE
"Wissem Hosni",NA,NA,"maration",FALSE
"Tamás Kovács",NA,NA,"maration",FALSE
"Jang Sinkweon",NA,NA,"maration",FALSE
"Toni Bernadó",NA,NA,"maration",FALSE
"Marcel Tschopp",NA,NA,"maration",FALSE
"Bekir Karayel",NA,NA,"maration",FALSE
"Chang Chia-Che",NA,NA,"maration",FALSE
"Ram Singh Yadav",NA,NA,"maration",FALSE
"Jean Pierre Mvuyekure",NA,NA,"maration",FALSE
"Konstandinos Poulios",NA,NA,"maration",FALSE
"Zohar Zimro",NA,NA,"maration",FALSE
"Jeong Jinhyeok",NA,NA,"maration",FALSE
"Juan Carlos Cardona",NA,NA,"maration",FALSE
"Augusto Soares",NA,NA,"maration",FALSE
"Tsepo Ramonene",NA,NA,"maration",FALSE
"Li Zicheng",NA,NA,"maration",FALSE
"Ilunga Mande Zatara",NA,NA,"maration",FALSE
"Darko Zivanovic",NA,NA,"maration",FALSE
"Gunther Weidlinger",NA,NA,"maration",FALSE
"Abraham Kiprotich",NA,NA,"maration",FALSE
"Patrick Tambwe",NA,NA,"maration",FALSE
"Valerijs Zolnerovics",NA,NA,"maration",FALSE
"Ali Mabrouk El Zaidi",NA,NA,"maration",FALSE
"Ryan Hall",NA,NA,"maration",FALSE
"Abdihakem Abdirahman",NA,NA,"maration",FALSE
"Getu Feleke",NA,NA,"maration",FALSE
"Dino Sefir",NA,NA,"maration",FALSE
"Samuel Tsegay",NA,NA,"maration",FALSE
"Ayele Abshero",NA,NA,"maration",FALSE
"Tayeb Filali",NA,NA,"maration",FALSE
"Rui Pedro Silva",NA,NA,"maration",FALSE
"Coolboy Ngamole",NA,NA,"maration",FALSE
"Abderrahime Bouramdane",NA,NA,"maration",FALSE
"Roman Prodius",NA,NA,"maration",FALSE
"Abdellatif Meftah",NA,NA,"maration",FALSE
"Samuel Kamau Wanjiru",NA,NA,"maration",FALSE
"Jaouad Gharib",NA,NA,"maration",FALSE
"Tsegay Kebede",NA,NA,"maration",FALSE
"Deriba Merga",NA,NA,"maration",FALSE
"Martin Lel",NA,NA,"maration",FALSE
"Gashaw Asfaw",NA,NA,"maration",FALSE
"Dathan Ritzenhein",NA,NA,"maration",FALSE
"Mike Fokoroni",NA,NA,"maration",FALSE
"Stefano Baldini",NA,NA,"maration",FALSE
"Tsuyoshi Ogata",NA,NA,"maration",FALSE
"Grigoriy Andreyev",NA,NA,"maration",FALSE
"José Manuel Martínez",NA,NA,"maration",FALSE
"Francis Kirwa",NA,NA,"maration",FALSE
"Lee Myong-Seung",NA,NA,"maration",FALSE
"Janne Holmén",NA,NA,"maration",FALSE
"Abderrahim Goumri",NA,NA,"maration",FALSE
"Aleksey Sokolov",NA,NA,"maration",FALSE
"Brian Sell",NA,NA,"maration",FALSE
"Ottaviano Andriani",NA,NA,"maration",FALSE
"Dan Robinson",NA,NA,"maration",FALSE
"Deng Haiyang",NA,NA,"maration",FALSE
"Vasyl Matviychuk",NA,NA,"maration",FALSE
"Lee Bong-Ju",NA,NA,"maration",FALSE
"Oleg Kulkov",NA,NA,"maration",FALSE
"Paulo Gomes",NA,NA,"maration",FALSE
"Alex Malinga",NA,NA,"maration",FALSE
"Ri Kum-Song",NA,NA,"maration",FALSE
"Nasar Sakar Saeed",NA,NA,"maration",FALSE
"José de Souza",NA,NA,"maration",FALSE
"Kamiel Maase",NA,NA,"maration",FALSE
"Kim Il-Nam",NA,NA,"maration",FALSE
"Hendrick Ramaala",NA,NA,"maration",FALSE
"Arjun Kumar Basnet",NA,NA,"maration",FALSE
"Hélder Ornelas",NA,NA,"maration",FALSE
"Procopio Franco",NA,NA,"maration",FALSE
"Nelson Cruz",NA,NA,"maration",FALSE
"Roberto Echeverría",NA,NA,"maration",FALSE
"Kim Yi-Yong",NA,NA,"maration",FALSE
"Li Zhuhong",NA,NA,"maration",FALSE
"Bat-Ochiryn Ser-Od",NA,NA,"maration",FALSE
"Norman Dlomo",NA,NA,"maration",FALSE
"Arkadiusz Sowa",NA,NA,"maration",FALSE
"Ndabili Bashingili",NA,NA,"maration",FALSE
"Simon Munyutu",NA,NA,"maration",FALSE
"Antoni Bernadó",NA,NA,"maration",FALSE
"Wu Wen-Chien",NA,NA,"maration",FALSE
"Lee Troop",NA,NA,"maration",FALSE
"Constantino León",NA,NA,"maration",FALSE
"Goran Stojiljković",NA,NA,"maration",FALSE
"Alfredo Arévalo",NA,NA,"maration",FALSE
"Yousf Othman Qader",NA,NA,"maration",FALSE
"Franklin Tenorio",NA,NA,"maration",FALSE
"Francisco Bautista",NA,NA,"maration",FALSE
"Roman Kejžar",NA,NA,"maration",FALSE
"Joachim Nshimirimana",NA,NA,"maration",FALSE
"Seteng Ayele",NA,NA,"maration",FALSE
"Takhir Mamashayev",NA,NA,"maration",FALSE
"Abdil Ceylan",NA,NA,"maration",FALSE
"José Ríos",NA,NA,"maration",FALSE
"Hem Bunting",NA,NA,"maration",FALSE
"Pavel Loskutov",NA,NA,"maration",FALSE
"Atsushi Sato",NA,NA,"maration",FALSE
"Tesfayohannes Mesfen",NA,NA,"maration",FALSE
"Julio Rey",NA,NA,"maration",FALSE
"Martin Fagan",NA,NA,"maration",FALSE
"Al Mustafa Riyadh",NA,NA,"maration",FALSE
"Marilson dos Santos",NA,NA,"maration",FALSE
"Luke Kibet",NA,NA,"maration",FALSE
"Abdulhak Elgorche Zakaria",NA,NA,"maration",FALSE
"Luis Fonseca",NA,NA,"maration",FALSE
"Franck de Almeida",NA,NA,"maration",FALSE
"Andrei Gordeev",NA,NA,"maration",FALSE
"João N'Tyamba",NA,NA,"maration",FALSE
"Moses Moeketsi Mosuhli",NA,NA,"maration",FALSE
"Getuli Bayo",NA,NA,"maration",FALSE
"Mubarak Hassan Shami",NA,NA,"maration",FALSE
"Simon Tsotang Maine",NA,NA,"maration",FALSE
"Clement Mabothile Lebopo",NA,NA,"maration",FALSE
"Olexandr Kuzin",NA,NA,"maration",FALSE
"Mohamed Ikoki Msandeki",NA,NA,"maration",FALSE
"Satoshi Osaki",NA,NA,"maration",FALSE
"Vanderlei de Lima",NA,NA,"maration",FALSE
"Jon Brown",NA,NA,"maration",FALSE
"Shigeru Aburaya",NA,NA,"maration",FALSE
"Toshinari Suwa",NA,NA,"maration",FALSE
"Erick Wainaina",NA,NA,"maration",FALSE
"Alberto Chaíça",NA,NA,"maration",FALSE
"Alberico di Cecco",NA,NA,"maration",FALSE
"Paul Tergat",NA,NA,"maration",FALSE
"Alan Culpepper",NA,NA,"maration",FALSE
"Leonid Shvetsov",NA,NA,"maration",FALSE
"Lee Bong-ju",NA,NA,"maration",FALSE
"Ambesse Tolosa",NA,NA,"maration",FALSE
"Gert Thys",NA,NA,"maration",FALSE
"Ji Young-joon",NA,NA,"maration",FALSE
"Antoni Peña",NA,NA,"maration",FALSE
"Haile Satayin",NA,NA,"maration",FALSE
"Jonathan Wyatt",NA,NA,"maration",FALSE
"Janne Holmen",NA,NA,"maration",FALSE
"Nikolaos Polias",NA,NA,"maration",FALSE
"José Rios",NA,NA,"maration",FALSE
"Michael Buchleitner",NA,NA,"maration",FALSE
"Dale Warrender",NA,NA,"maration",FALSE
"Waldemar Glinka",NA,NA,"maration",FALSE
"Jong Myong-chol",NA,NA,"maration",FALSE
"El-Hassan Lahssini",NA,NA,"maration",FALSE
"Michał Bartoszak",NA,NA,"maration",FALSE
"Ahmed Jumaa Jaber",NA,NA,"maration",FALSE
"Lee Myong-seung",NA,NA,"maration",FALSE
"Tomoaki Kunichika",NA,NA,"maration",FALSE
"José Alirio Carrasco",NA,NA,"maration",FALSE
"Ernest Ndjissipou",NA,NA,"maration",FALSE
"Nicholas Harrison",NA,NA,"maration",FALSE
"Tereje Wodajo",NA,NA,"maration",FALSE
"Aguelmis Rojas",NA,NA,"maration",FALSE
"Abel Chimukoko",NA,NA,"maration",FALSE
"Saïd Belhout",NA,NA,"maration",FALSE
"Matthew O'Dowd",NA,NA,"maration",FALSE
"Daniele Caimmi",NA,NA,"maration",FALSE
"Wu Wen-chien",NA,NA,"maration",FALSE
"Antoni Bernado",NA,NA,"maration",FALSE
"Asaf Bimro",NA,NA,"maration",FALSE
"Sisay Bezabeh",NA,NA,"maration",FALSE
"Silvio Guerra",NA,NA,"maration",FALSE
"Mathias Ntawulikura",NA,NA,"maration",FALSE
"Róbert Štefko",NA,NA,"maration",FALSE
"Dan Browne",NA,NA,"maration",FALSE
"Han Gang",NA,NA,"maration",FALSE
"Eduardo Buenavista",NA,NA,"maration",FALSE
"Driss El Himer",NA,NA,"maration",FALSE
"Andrés Espinosa",NA,NA,"maration",FALSE
"Mpesela Ntlot Soeu",NA,NA,"maration",FALSE
"José Ernani Palalia",NA,NA,"maration",FALSE
"Dmitriy Burmakin",NA,NA,"maration",FALSE
"Mindaugas Pukštas",NA,NA,"maration",FALSE
"Zhu Ronghua",NA,NA,"maration",FALSE
"Alfredo Arevalo",NA,NA,"maration",FALSE
"António Zeferino",NA,NA,"maration",FALSE
"Valery Pisarev",NA,NA,"maration",FALSE
"Zepherinus Joseph",NA,NA,"maration",FALSE
"Marcel Matanin",NA,NA,"maration",FALSE
"Zebedayo Bayo",NA,NA,"maration",FALSE
"Hailu Negussie",NA,NA,"maration",FALSE
"Rômulo Wagner",NA,NA,"maration",FALSE
"Ian Syster",NA,NA,"maration",FALSE
"Zsolt Bácskai",NA,NA,"maration",FALSE
"Azat Rakipov",NA,NA,"maration",FALSE
"Dmytro Baranovskyy",NA,NA,"maration",FALSE
"Rachid Ghanmouni",NA,NA,"maration",FALSE
"Rachid Ziar",NA,NA,"maration",FALSE
"Mustapha Bennacer",NA,NA,"maration",FALSE
"André Luiz Ramos",NA,NA,"maration",FALSE
"Khalid El Boumlili",NA,NA,"maration",FALSE
"John Nada Saya",NA,NA,"maration",FALSE
"Gil da Cruz Trindade",NA,NA,"maration",FALSE
"Jean-Paul Gahimbaré",NA,NA,"maration",FALSE
"Luc Krotwaar",NA,NA,"maration",FALSE
" Gezahegne Abera (ETH)",NA,NA,"maration",FALSE
" Erick Wainaina (KEN)",NA,NA,"maration",FALSE
" Tesfaye Tola (ETH)",NA,NA,"maration",FALSE
" Jon Brown (GBR)",NA,NA,"maration",FALSE
" Giacomo Leone (ITA)",NA,NA,"maration",FALSE
" Martín Fiz (ESP)",NA,NA,"maration",FALSE
" Abdelkader El Mouaziz (MAR)",NA,NA,"maration",FALSE
" Mohamed Ouaadi (FRA)",NA,NA,"maration",FALSE
" Tendai Chimusasa (ZIM)",NA,NA,"maration",FALSE
" Steve Moneghetti (AUS)",NA,NA,"maration",FALSE
" António Pinto (POR)",NA,NA,"maration",FALSE
" Hendrick Ramaala (RSA)",NA,NA,"maration",FALSE
" Kamiel Maase (NED)",NA,NA,"maration",FALSE
" Silvio Guerra (ECU)",NA,NA,"maration",FALSE
" Mathias Ntawulikura (RWA)",NA,NA,"maration",FALSE
" Thabiso Moqhali (LES)",NA,NA,"maration",FALSE
" João N'Tyamba (ANG)",NA,NA,"maration",FALSE
" Domingos Castro (POR)",NA,NA,"maration",FALSE
" Keith Cullen (GBR)",NA,NA,"maration",FALSE
" Josia Thugwane (RSA)",NA,NA,"maration",FALSE
" Shinji Kawashima (JPN)",NA,NA,"maration",FALSE
" Simretu Alemayehu (ETH)",NA,NA,"maration",FALSE
" Kamal Kohil (ALG)",NA,NA,"maration",FALSE
" Lee Bong-Ju (KOR)",NA,NA,"maration",FALSE
" Greg van Hest (NED)",NA,NA,"maration",FALSE
" Pavel Kokin (RUS)",NA,NA,"maration",FALSE
" Andrés Espinosa (MEX)",NA,NA,"maration",FALSE
" Roderic De Highden (AUS)",NA,NA,"maration",FALSE
" Kim Jung-Won (PRK)",NA,NA,"maration",FALSE
" Kim Jong-Chol (PRK)",NA,NA,"maration",FALSE
" Pamenos Ballantyne (VIN)",NA,NA,"maration",FALSE
" Ronnie Holassie (TRI)",NA,NA,"maration",FALSE
" Michael Buchleitner (AUT)",NA,NA,"maration",FALSE
" Dmitriy Kapitonov (RUS)",NA,NA,"maration",FALSE
" Pavel Loskutov (EST)",NA,NA,"maration",FALSE
" Viktor Röthlin (SUI)",NA,NA,"maration",FALSE
" Michael Fietz (GER)",NA,NA,"maration",FALSE
" Tahar Mansouri (TUN)",NA,NA,"maration",FALSE
" José Luis Molina (CRC)",NA,NA,"maration",FALSE
" Carlos Tarazona (VEN)",NA,NA,"maration",FALSE
" Nobuyuki Sato (JPN)",NA,NA,"maration",FALSE
" Alberto Juzdado (ESP)",NA,NA,"maration",FALSE
" Johannes Maremane (RSA)",NA,NA,"maration",FALSE
" Bruce Deacon (CAN)",NA,NA,"maration",FALSE
" Chung Nam-Kyun (KOR)",NA,NA,"maration",FALSE
" Néstor García (URU)",NA,NA,"maration",FALSE
" Ahmed Abdelmougod Soliman (EGY)",NA,NA,"maration",FALSE
" Luketz Swartbooi (NAM)",NA,NA,"maration",FALSE
" Antoni Bernadó (AND)",NA,NA,"maration",FALSE
" Luís Novo (POR)",NA,NA,"maration",FALSE
" Lucky Bhembe (SWZ)",NA,NA,"maration",FALSE
" Boubker Elafoui (MAR)",NA,NA,"maration",FALSE
" Abel Antón (ESP)",NA,NA,"maration",FALSE
" Carsten Eich (GER)",NA,NA,"maration",FALSE
" Valeriu Vlas (MDA)",NA,NA,"maration",FALSE
" Mark Steinle (GBR)",NA,NA,"maration",FALSE
" Alex Malinga (UGA)",NA,NA,"maration",FALSE
" Oscar Cortínez (ARG)",NA,NA,"maration",FALSE
" Kil Jae-Son (PRK)",NA,NA,"maration",FALSE
" Petko Stefanov (BUL)",NA,NA,"maration",FALSE
" Zebedayo Bayo (TAN)",NA,NA,"maration",FALSE
" Roman Kejžar (SLO)",NA,NA,"maration",FALSE
" Panayiotis Haramis (GRE)",NA,NA,"maration",FALSE
" Benjamín Paredes (MEX)",NA,NA,"maration",FALSE
" Baek Seung-Do (KOR)",NA,NA,"maration",FALSE
" Lee Troop (AUS)",NA,NA,"maration",FALSE
" António Zeferino (CPV)",NA,NA,"maration",FALSE
" Sergey Zabavski (TJK)",NA,NA,"maration",FALSE
" Rod DeHaven (USA)",NA,NA,"maration",FALSE
" Nazirdin Akylbekov (KGZ)",NA,NA,"maration",FALSE
" Calisto da Costa (IOA)",NA,NA,"maration",FALSE
" Marco Ivan Condori (BOL)",NA,NA,"maration",FALSE
" Sarath Prasanna Gamage (SRI)",NA,NA,"maration",FALSE
" Gian Luigi Macina (SMR)",NA,NA,"maration",FALSE
" Vanderlei Lima (BRA)",NA,NA,"maration",FALSE
" Željko Petrović (BIH)",NA,NA,"maration",FALSE
" Tiyapo Maso (BOT)",NA,NA,"maration",FALSE
" Ðuro Kodžo (BIH)",NA,NA,"maration",FALSE
" José Alejandro Semprún (VEN)",NA,NA,"maration",FALSE
" To Rithya (CAM)",NA,NA,"maration",FALSE
" Elias Rodriguez (FSM)",NA,NA,"maration",FALSE
" Takayuki Inubushi (JPN)",NA,NA,"maration",FALSE
" Kenneth Cheruiyot (KEN)",NA,NA,"maration",FALSE
" Willy Kalombo Mwenze (COD)",NA,NA,"maration",FALSE
" Abdellah Béhar (FRA)",NA,NA,"maration",FALSE
" Stefano Baldini (ITA)",NA,NA,"maration",FALSE
" Elijah Lagat (KEN)",NA,NA,"maration",FALSE
" Piotr Gładki (POL)",NA,NA,"maration",FALSE
" Patrick Ndayisenga (BDI)",NA,NA,"maration",FALSE
" José Alirio Carrasco (COL)",NA,NA,"maration",FALSE
" Angelo Peter Simon (TAN)",NA,NA,"maration",FALSE
" Róbert Štefko (SVK)",NA,NA,"maration",FALSE
" Osmiro Silva (BRA)",NA,NA,"maration",FALSE
" Rashid Jamal (QAT)",NA,NA,"maration",FALSE
" Adel Edeli (LBA)",NA,NA,"maration",FALSE
" Éder Fialho (BRA)",NA,NA,"maration",FALSE
" Vincenzo Modica (ITA)",NA,NA,"maration",FALSE
" Daher Gadid Omar (DJI)",NA,NA,"maration",FALSE
" Richard Rodriguez (ARU)",NA,NA,"maration",FALSE
" Fokasi Wilbrod (TAN)",NA,NA,"maration",FALSE
"Kieren Perkins",NA,NA,"swim_1500",FALSE
"Erik Vendt",NA,NA,"swim_1500",FALSE
"Grant Hackett",NA,NA,"swim_1500",FALSE
"Ryk Neethling",NA,NA,"swim_1500",FALSE
"Alexei Filipets",NA,NA,"swim_1500",FALSE
"Chris Thompson",NA,NA,"swim_1500",FALSE
"Heiko Hell",NA,NA,"swim_1500",FALSE
"Igor Chervynskiy",NA,NA,"swim_1500",FALSE
"Dragoș Coman",NA,NA,"swim_1500",FALSE
"Christian Minotti",NA,NA,"swim_1500",FALSE
"Nicolas Rostoucher",NA,NA,"swim_1500",FALSE
"Frederik Hviid",NA,NA,"swim_1500",FALSE
"Masato Hirano",NA,NA,"swim_1500",FALSE
"Igor Snitko",NA,NA,"swim_1500",FALSE
"Ricardo Monasterio",NA,NA,"swim_1500",FALSE
"Yota Arase",NA,NA,"swim_1500",FALSE
"Paul Palmer",NA,NA,"swim_1500",FALSE
"Luiz Lima",NA,NA,"swim_1500",FALSE
"Emiliano Brembilla",NA,NA,"swim_1500",FALSE
"Dmitry Koptur",NA,NA,"swim_1500",FALSE
"Spyridon Gianniotis",NA,NA,"swim_1500",FALSE
"Alexey Kovrigin",NA,NA,"swim_1500",FALSE
"Andrew Hurd",NA,NA,"swim_1500",FALSE
"Teo Edo",NA,NA,"swim_1500",FALSE
"Hannes Kalteis",NA,NA,"swim_1500",FALSE
"Vlastimil Burda",NA,NA,"swim_1500",FALSE
"Tim Peterson",NA,NA,"swim_1500",FALSE
"Torwai Sethsothorn",NA,NA,"swim_1500",FALSE
"Adam Faulkner",NA,NA,"swim_1500",FALSE
"Petar Stoychev",NA,NA,"swim_1500",FALSE
"Jorge Carral Armella",NA,NA,"swim_1500",FALSE
"Jin Hao",NA,NA,"swim_1500",FALSE
"Cho Sung-mo",NA,NA,"swim_1500",FALSE
"Juan Carlos Piccio",NA,NA,"swim_1500",FALSE
"Agustín Fiorilli",NA,NA,"swim_1500",FALSE
"Dieung Manggang",NA,NA,"swim_1500",FALSE
"Jonathan Duncan",NA,NA,"swim_1500",FALSE
"Steven Chandra",NA,NA,"swim_1500",FALSE
"Diego Mularoni",NA,NA,"swim_1500",FALSE
"Li Yun-lun",NA,NA,"swim_1500",FALSE
"Ivan Ivanov",NA,NA,"swim_1500",FALSE
"David Davies",NA,NA,"swim_1500",FALSE
"Yuri Prilukov",NA,NA,"swim_1500",FALSE
"Larsen Jensen",NA,NA,"swim_1500",FALSE
"Graeme Smith",NA,NA,"swim_1500",FALSE
"Craig Stevens",NA,NA,"swim_1500",FALSE
"Paweł Korzeniowski",NA,NA,"swim_1500",FALSE
"Christian Hein",NA,NA,"swim_1500",FALSE
"Takeshi Matsuda",NA,NA,"swim_1500",FALSE
"Oussama Mellouli",NA,NA,"swim_1500",FALSE
"Bojan Zdešar",NA,NA,"swim_1500",FALSE
"Fernando Costa",NA,NA,"swim_1500",FALSE
"Thomas Lurz",NA,NA,"swim_1500",FALSE
"Gergő Kis",NA,NA,"swim_1500",FALSE
"Juan Martín Pereyra",NA,NA,"swim_1500",FALSE
"Charnvudth Saengsri",NA,NA,"swim_1500",FALSE
"Moss Burmester",NA,NA,"swim_1500",FALSE
"Nenad Buljan",NA,NA,"swim_1500",FALSE
"Giancarlo Zolezzi",NA,NA,"swim_1500",FALSE
"Georgios Diamantidis",NA,NA,"swim_1500",FALSE
"Saw Yi Khy",NA,NA,"swim_1500",FALSE
"Xin Tong",NA,NA,"swim_1500",FALSE
"Miguel Mendoza",NA,NA,"swim_1500",FALSE
"Ryan Cochrane",NA,NA,"swim_1500",FALSE
"Zhang Lin",NA,NA,"swim_1500",FALSE
"Sun Yang",NA,NA,"swim_1500",FALSE
"Mateusz Sawrymowicz",NA,NA,"swim_1500",FALSE
"Federico Colbertaldo",NA,NA,"swim_1500",FALSE
"Peter Vanderkaay",NA,NA,"swim_1500",FALSE
"Mads Glæsner",NA,NA,"swim_1500",FALSE
"Park Tae-Hwan",NA,NA,"swim_1500",FALSE
"Samuel Pizzetti",NA,NA,"swim_1500",FALSE
"Tom Vangeneugden",NA,NA,"swim_1500",FALSE
"Florian Janistyn",NA,NA,"swim_1500",FALSE
"Troyden Prinsloo",NA,NA,"swim_1500",FALSE
"Sergey Fesenko",NA,NA,"swim_1500",FALSE
"Maciej Hreniak",NA,NA,"swim_1500",FALSE
"Richard Charlesworth",NA,NA,"swim_1500",FALSE
"Marcos Rivera",NA,NA,"swim_1500",FALSE
"Sébastien Rouault",NA,NA,"swim_1500",FALSE
"Nikita Lobintsev",NA,NA,"swim_1500",FALSE
"Ryan Arabejo",NA,NA,"swim_1500",FALSE
"Ediz Yildirimer",NA,NA,"swim_1500",FALSE
"Christian Kubusch",NA,NA,"swim_1500",FALSE
"Luka Turk",NA,NA,"swim_1500",FALSE
"Gregorio Paltrinieri",NA,NA,"swim_1500",FALSE
"Daniel Fogg",NA,NA,"swim_1500",FALSE
"Connor Jaeger",NA,NA,"swim_1500",FALSE
"Andrew Gemmell",NA,NA,"swim_1500",FALSE
"Sergiy Frolov",NA,NA,"swim_1500",FALSE
"Job Kienhuis",NA,NA,"swim_1500",FALSE
"Gergely Gyurta",NA,NA,"swim_1500",FALSE
"Gabriele Detti",NA,NA,"swim_1500",FALSE
"Damien Joly",NA,NA,"swim_1500",FALSE
"Dai Jun",NA,NA,"swim_1500",FALSE
"Pál Joensen",NA,NA,"swim_1500",FALSE
"Jarrod Poort",NA,NA,"swim_1500",FALSE
"Anthony Pannier",NA,NA,"swim_1500",FALSE
"Heerden Herman",NA,NA,"swim_1500",FALSE
"Arturo Pérez Vertti Ferrer",NA,NA,"swim_1500",FALSE
"Alejandro Gómez",NA,NA,"swim_1500",FALSE
"Jan Micka",NA,NA,"swim_1500",FALSE
"Anton Sveinn McKee",NA,NA,"swim_1500",FALSE
"Ediz Yıldırımer",NA,NA,"swim_1500",FALSE
"Matias Koski",NA,NA,"swim_1500",FALSE
"Ventsislav Aydarski",NA,NA,"swim_1500",FALSE
"Uladzimir Zhyharau",NA,NA,"swim_1500",FALSE
"Ullalmath Gagan",NA,NA,"swim_1500",FALSE
